ticker,drug_name,approval_date,approval_year,app_type_clean,approval_type_weight,drug_novelty_score,market_timing_factor,rss_score,finbert_compound,finbert_positive,finbert_negative,vader_compound,vader_pos,vader_neg,day_of_week,market_cap_category,prior_approvals_count,approval_quarter,return_1d,return_3d,return_7d,price_up_7d
LLY,Vellizumab,2021-07-18,2021,NDA,1.0,0.5,0.8,0.785,0.0,0.33,0.33,0.4767,0.171,0.0,6,3,14,3,0.0,1.3453,3.8737,1.0
AMGN,Vellizumab,2018-11-27,2018,ANDA,0.3,0.0,1.0,0.335,0.0,0.33,0.33,0.4767,0.256,0.0,1,2,4,4,2.1918,5.6571,0.3349,1.0
ABBV,Duninib,2022-08-13,2022,ANDA,0.3,0.0,0.8,0.295,0.0,0.33,0.33,0.4767,0.181,0.0,5,3,19,3,0.0,0.1827,-1.3704,0.0
REGN,Dunumab,2021-04-30,2021,BLA,0.8,0.5,0.595,0.654,0.0,0.33,0.33,0.4767,0.193,0.0,4,2,16,2,1.5209,1.5209,3.2101,1.0
AMGN,Narumab,2020-01-18,2020,BLA,0.8,0.5,0.8,0.695,0.0,0.33,0.33,0.4767,0.193,0.0,5,2,10,1,0.0,0.0,-6.1658,0.0
BIIB,Ribafil,2023-08-10,2023,ANDA,0.3,0.0,0.9,0.315,0.0,0.33,0.33,0.7003,0.309,0.0,3,2,17,3,1.7171,1.3677,-2.8098,0.0
GILD,Dunciclib,2019-10-09,2019,ANDA,0.3,0.0,1.0,0.335,0.0,0.33,0.33,0.4767,0.193,0.0,2,2,3,4,2.0652,4.082,5.4373,1.0
MRNA,Palvir,2023-08-24,2023,NDA,1.0,1.0,0.9,0.98,0.0,0.33,0.33,0.4767,0.181,0.0,3,1,20,3,-0.6391,1.0475,0.3728,1.0
AMGN,Tektinib,2021-09-25,2021,NDA,1.0,1.0,0.8,0.96,0.0,0.33,0.33,0.7003,0.309,0.0,5,2,20,3,0.0,-0.3941,-0.7836,0.0
JNJ,Paltinib,2023-05-10,2023,BLA,0.8,1.0,0.95,0.9,0.0,0.33,0.33,0.4767,0.171,0.0,2,3,29,2,-0.4083,-1.2991,-1.6455,0.0
BMY,Palvir,2022-02-09,2022,BLA,0.8,1.0,0.95,0.9,0.0,0.33,0.33,0.7003,0.309,0.0,2,2,12,1,-0.9384,-0.4915,0.6851,1.0
MRNA,Velafil,2020-09-22,2020,BLA,0.8,0.5,1.0,0.735,0.0,0.33,0.33,0.4767,0.193,0.0,1,1,12,3,-2.2701,1.0914,2.6193,1.0
GILD,Duntinib,2018-12-04,2018,BLA,0.8,0.5,1.0,0.735,0.0,0.33,0.33,0.4767,0.193,0.0,1,2,1,4,0.9202,-2.013,-2.6312,0.0
GILD,Narumab,2019-01-15,2019,NDA,1.0,0.5,1.0,0.825,0.0,0.33,0.33,0.4767,0.193,0.0,1,2,2,1,-1.2843,0.9633,0.0438,1.0
LLY,Veltinib,2023-07-21,2023,NDA,1.0,1.0,0.7,0.94,0.0,0.33,0.33,0.4767,0.162,0.0,4,3,23,3,-0.5887,-0.5887,-0.7705,0.0
BIIB,Ribmab,2019-01-27,2019,ANDA,0.3,0.0,0.8,0.295,0.0,0.33,0.33,0.4767,0.181,0.0,6,2,2,1,0.0,-0.6515,1.2303,1.0
BIIB,Tekciclib,2023-09-20,2023,NDA,1.0,1.0,0.95,0.99,0.0,0.33,0.33,0.7003,0.309,0.0,2,2,18,3,-0.6141,-2.1149,-1.1553,0.0
REGN,Tektinib,2019-05-18,2019,BLA,0.8,1.0,0.8,0.87,0.0,0.33,0.33,0.4767,0.181,0.0,5,2,5,2,0.0,2.4391,1.7715,1.0
JNJ,Zolmab,2022-04-20,2022,NDA,1.0,0.5,0.95,0.815,0.0,0.33,0.33,0.4767,0.181,0.0,2,3,20,2,-0.2882,1.1528,-0.9734,0.0
JNJ,Tekciclib,2019-05-18,2019,NDA,1.0,0.5,0.8,0.785,0.0,0.33,0.33,0.4767,0.181,0.0,5,3,6,2,0.0,-0.2167,-0.2977,0.0
AMGN,Ribafil,2022-01-24,2022,BLA,0.8,0.5,0.9,0.715,0.0,0.33,0.33,0.4767,0.193,0.0,0,2,22,1,-0.46,-0.92,0.4689,1.0
AZN,Dunafil,2022-10-24,2022,NDA,1.0,0.5,0.99,0.823,0.0,0.33,0.33,0.4767,0.193,0.0,0,2,22,4,1.3048,4.4038,6.5785,1.0
BIIB,Tekmab,2021-03-29,2021,NDA,1.0,0.5,0.765,0.778,0.0,0.33,0.33,0.4767,0.193,0.0,0,2,9,1,-0.0253,0.9526,0.652,1.0
REGN,Narlizumab,2022-05-17,2022,BLA,0.8,1.0,1.0,0.91,0.0,0.33,0.33,0.7003,0.309,0.0,1,2,24,2,-1.2523,-0.9617,2.7653,1.0
REGN,Cirafil,2021-09-25,2021,NDA,1.0,0.5,0.8,0.785,0.0,0.33,0.33,0.4767,0.193,0.0,5,2,21,3,0.0,-2.2728,-10.2816,0.0
GILD,Narciclib,2021-11-09,2021,ANDA,0.3,0.0,1.0,0.335,0.0,0.33,0.33,0.4767,0.193,0.0,1,2,14,4,1.7687,2.0106,1.1187,1.0
GILD,Velciclib,2019-12-11,2019,ANDA,0.3,0.0,0.95,0.325,0.0,0.33,0.33,0.4767,0.256,0.0,2,2,6,4,0.7148,-1.5339,-2.1891,0.0
PFE,Velximab,2019-11-15,2019,ANDA,0.3,0.0,0.77,0.289,0.0,0.33,0.33,0.7003,0.309,0.0,4,3,7,4,-0.161,-0.161,2.8165,1.0
ABBV,Zolvir,2021-02-10,2021,NDA,1.0,0.5,0.95,0.815,0.0,0.33,0.33,0.4767,0.193,0.0,2,3,11,1,-0.2883,0.1442,2.1528,1.0
REGN,Zoltinib,2022-06-25,2022,BLA,0.8,0.6,0.8,0.73,0.0,0.33,0.33,0.4767,0.256,0.0,5,2,26,2,0.0,-1.3247,-0.9695,0.0
BIIB,Mavafil,2019-10-04,2019,NDA,1.0,1.0,0.77,0.954,0.0,0.33,0.33,0.7003,0.309,0.0,4,2,4,4,1.3348,1.3348,-0.3527,0.0
PFE,Pallizumab,2022-07-20,2022,NDA,1.0,0.5,0.95,0.815,0.0,0.33,0.33,0.4767,0.181,0.0,2,3,17,3,0.5903,1.8693,2.2235,1.0
AMGN,Tekzumab,2021-12-10,2021,ANDA,0.3,0.0,0.7,0.275,0.0,0.33,0.33,0.4767,0.193,0.0,4,2,21,4,0.2371,0.2371,5.5052,1.0
BIIB,Mavtinib,2019-02-05,2019,ANDA,0.3,0.0,1.0,0.335,0.0,0.33,0.33,0.4767,0.181,0.0,1,2,3,1,-1.1128,-6.4898,-5.2108,0.0
AZN,Zolciclib,2023-04-15,2023,BLA,0.8,0.5,0.8,0.695,0.0,0.33,0.33,0.4767,0.193,0.0,5,2,24,2,0.0,1.8878,2.9608,1.0
BMY,Abazumab,2022-11-30,2022,ANDA,0.3,0.0,0.8883,0.3127,0.0,0.33,0.33,0.4767,0.193,0.0,2,2,16,4,0.7474,0.5232,-0.436,0.0
JNJ,Narumab,2023-01-18,2023,NDA,1.0,0.6,0.95,0.85,0.0,0.33,0.33,0.4767,0.237,0.0,2,3,26,1,-0.1355,-0.8541,-0.1473,0.0
LLY,Narciclib,2022-12-08,2022,BLA,0.8,1.0,0.9,0.89,0.0,0.33,0.33,0.4767,0.162,0.0,3,3,20,4,-2.9049,-1.2211,-3.1685,0.0
LLY,Tekvir,2022-06-23,2022,ANDA,0.3,0.0,0.9,0.315,0.0,0.33,0.33,0.4767,0.171,0.0,3,3,17,2,4.1251,4.6527,3.6806,1.0
AZN,Zollizumab,2023-08-12,2023,NDA,1.0,1.0,0.8,0.96,0.0,0.33,0.33,0.4767,0.181,0.0,5,2,27,3,0.0,-1.8775,-2.7668,0.0
BIIB,Ribzumab,2022-08-10,2022,ANDA,0.3,0.0,0.95,0.325,0.0,0.33,0.33,0.4767,0.181,0.0,2,2,14,3,-1.2758,0.6062,-1.5653,0.0
BMY,Zoltinib,2019-09-20,2019,ANDA,0.3,0.0,0.7,0.275,0.0,0.33,0.33,0.4767,0.181,0.0,4,2,6,3,-0.0989,-0.0989,-0.6921,0.0
BMY,Ribciclib,2018-09-11,2018,ANDA,0.3,0.0,1.0,0.335,0.0,0.33,0.33,0.4767,0.193,0.0,1,2,2,3,-0.2645,0.3306,1.6366,1.0
GILD,Palinib,2023-04-04,2023,NDA,1.0,1.0,1.0,1.0,0.0,0.33,0.33,0.7003,0.309,0.0,1,2,21,2,1.8631,0.5845,0.5114,1.0
JNJ,Abaumab,2022-09-01,2022,ANDA,0.3,0.0,0.9,0.315,0.0,0.33,0.33,0.4767,0.181,0.0,3,3,23,3,-1.5725,-1.3064,0.0302,1.0
PFE,Abatinib,2020-03-26,2020,BLA,0.8,0.5,0.9,0.715,0.0,0.33,0.33,0.4767,0.193,0.0,3,3,9,1,-2.6771,2.8976,3.5276,1.0
LLY,Zolmab,2019-10-02,2019,ANDA,0.3,0.0,1.0,0.335,0.0,0.33,0.33,0.4767,0.162,0.0,2,3,3,4,0.271,0.7757,0.2804,1.0
LLY,Mavximab,2022-08-21,2022,BLA,0.8,0.5,0.8,0.695,0.0,0.33,0.33,0.4767,0.171,0.0,6,3,18,3,0.0,-1.3092,-4.008,0.0
JNJ,Pallizumab,2023-09-06,2023,BLA,0.8,0.5,0.95,0.725,0.0,0.33,0.33,0.4767,0.171,0.0,2,3,33,3,1.2784,2.9428,3.7846,1.0
PFE,Zollizumab,2020-08-17,2020,NDA,1.0,0.6,0.9,0.84,0.0,0.33,0.33,0.4767,0.256,0.0,0,3,11,3,0.0261,0.9648,1.2777,1.0
JNJ,Zolumab,2021-04-30,2021,NDA,1.0,0.5,0.595,0.744,0.0,0.33,0.33,0.4767,0.171,0.0,4,3,14,2,1.524,1.524,3.5457,1.0
REGN,Dunximab,2020-12-05,2020,BLA,0.8,0.5,0.8,0.695,0.0,0.33,0.33,0.4767,0.193,0.0,5,2,13,4,0.0,0.3492,1.0032,1.0
REGN,Dunmab,2018-10-29,2018,NDA,1.0,0.5,0.8415,0.7933,0.0,0.33,0.33,0.4767,0.193,0.0,0,2,3,4,1.0471,5.6309,5.5774,1.0
PFE,Tekumab,2020-09-07,2020,NDA,1.0,0.6,0.9,0.84,0.0,0.33,0.33,0.4767,0.256,0.0,0,3,12,3,0.0,-0.7793,3.0059,1.0
JNJ,Cirximab,2022-12-22,2022,ANDA,0.3,0.0,0.9,0.315,0.0,0.33,0.33,0.7003,0.293,0.0,3,3,24,4,0.2542,0.226,0.2994,1.0
ABBV,Palvir,2022-08-14,2022,BLA,0.8,1.0,0.8,0.87,0.0,0.33,0.33,0.7003,0.309,0.0,6,3,20,3,0.0,-0.5974,-1.3704,0.0
AMGN,Tekvir,2018-09-03,2018,NDA,1.0,1.0,0.9,0.98,0.0,0.33,0.33,0.4767,0.181,0.0,0,2,2,3,0.0,-0.2948,2.933,1.0
AMGN,Velvir,2020-07-09,2020,ANDA,0.3,0.0,0.9,0.315,0.0,0.33,0.33,0.7003,0.309,0.0,3,2,12,3,-1.0411,-0.6437,1.4066,1.0
GILD,Zoltinib,2018-01-20,2018,NDA,1.0,0.5,0.8,0.785,0.0,0.33,0.33,0.4767,0.193,0.0,5,2,0,1,0.0,-0.565,9.0775,1.0
REGN,Palinib,2021-03-12,2021,ANDA,0.3,0.0,0.7,0.275,0.0,0.33,0.33,0.4767,0.256,0.0,4,2,15,1,2.6471,2.6471,0.4751,1.0
BMY,Mavvir,2019-07-29,2019,ANDA,0.3,0.0,0.765,0.288,0.0,0.33,0.33,0.4767,0.181,0.0,0,2,5,3,-1.8286,-0.4186,-0.022,0.0
BMY,Mavximab,2019-11-13,2019,NDA,1.0,0.5,1.0,0.825,0.0,0.33,0.33,0.4767,0.193,0.0,2,2,7,4,-0.4763,-1.9391,-4.0483,0.0
MRK,Dunafil,2022-05-15,2022,NDA,1.0,0.5,0.8,0.785,0.0,0.33,0.33,0.4767,0.171,0.0,6,3,13,2,0.0,-0.2383,1.6356,1.0
BMY,Ribafil,2018-02-16,2018,NDA,1.0,0.5,0.7,0.765,0.0,0.33,0.33,0.4767,0.193,0.0,4,2,0,1,-2.3347,-2.3347,-1.4646,0.0
AZN,Cirmab,2019-01-05,2019,ANDA,0.3,0.0,0.8,0.295,0.0,0.33,0.33,0.4767,0.193,0.0,5,2,5,1,0.0,-1.6761,-8.3291,0.0
ABBV,Tekvir,2020-12-17,2020,ANDA,0.3,0.0,0.9,0.315,0.0,0.33,0.33,0.4767,0.181,0.0,3,3,8,4,-0.4195,-1.125,-1.554,0.0
AMGN,Narlizumab,2021-02-24,2021,NDA,1.0,0.5,0.95,0.815,0.0,0.33,0.33,0.4767,0.193,0.0,2,2,17,1,-1.074,-1.2827,-2.6306,0.0
AMGN,Mavciclib,2021-01-24,2021,BLA,0.8,1.0,0.8,0.87,0.0,0.33,0.33,0.4767,0.181,0.0,6,2,15,1,0.0,-2.3493,-6.4839,0.0
MRK,Dunximab,2019-12-05,2019,NDA,1.0,0.5,0.9,0.805,0.0,0.33,0.33,0.4767,0.171,0.0,3,3,5,4,0.1127,-0.0338,0.9239,1.0
LLY,Riblizumab,2018-06-03,2018,ANDA,0.3,0.0,0.8,0.295,0.0,0.33,0.33,0.4767,0.171,0.0,6,3,1,2,0.0,1.0109,0.9286,1.0
GILD,Dunumab,2021-05-28,2021,NDA,1.0,0.5,0.595,0.744,0.0,0.33,0.33,0.4767,0.193,0.0,4,2,11,2,-1.195,-1.195,1.9967,1.0
AZN,Abaumab,2019-07-05,2019,NDA,1.0,0.5,0.7,0.765,0.0,0.33,0.33,0.4767,0.193,0.0,4,2,8,3,-0.2687,-0.2687,-1.7831,0.0
MRK,Dunzumab,2022-11-17,2022,ANDA,0.3,0.0,0.99,0.333,0.0,0.33,0.33,0.7003,0.279,0.0,3,3,15,4,1.8767,3.2255,5.0729,1.0
AZN,Zoltinib,2022-06-20,2022,ANDA,0.3,0.0,0.9,0.315,0.0,0.33,0.33,0.7003,0.309,0.0,0,2,21,2,0.0,2.5784,5.8571,1.0
AZN,Abatinib,2019-05-12,2019,ANDA,0.3,0.0,0.8,0.295,0.0,0.33,0.33,0.4767,0.256,0.0,6,2,6,2,0.0,1.073,0.6974,1.0
MRNA,Zolmab,2022-04-18,2022,ANDA,0.3,0.0,0.9,0.315,0.0,0.33,0.33,0.4767,0.193,0.0,0,1,18,2,-1.3118,-6.6236,-2.8045,0.0
MRK,Velvir,2021-12-11,2021,NDA,1.0,0.5,0.8,0.785,0.0,0.33,0.33,0.4767,0.162,0.0,5,3,11,4,0.0,1.3612,5.0598,1.0
REGN,Palmab,2018-01-12,2018,NDA,1.0,0.5,0.7,0.765,0.0,0.33,0.33,0.4767,0.193,0.0,4,2,0,1,0.8857,0.8857,1.2454,1.0
JNJ,Velvir,2018-03-31,2018,ANDA,0.3,0.0,0.68,0.271,0.0,0.33,0.33,0.4767,0.171,0.0,5,3,0,1,0.0,3.0427,3.9499,1.0
MRNA,Duninib,2020-04-05,2020,ANDA,0.3,0.0,0.8,0.295,0.0,0.33,0.33,0.4767,0.181,0.0,6,1,8,2,0.0,-6.4088,-5.0231,0.0
BIIB,Dunciclib,2019-12-30,2019,NDA,1.0,0.5,0.765,0.778,0.0,0.33,0.33,0.4767,0.193,0.0,0,2,5,4,0.2432,-0.598,-1.7533,0.0
AMGN,Abainib,2021-01-27,2021,NDA,1.0,1.0,0.95,0.99,0.0,0.33,0.33,0.4767,0.181,0.0,2,2,16,1,-1.3184,-4.234,-5.5684,0.0
LLY,Zolafil,2018-02-06,2018,ANDA,0.3,0.0,1.0,0.335,0.0,0.33,0.33,0.4767,0.22,0.0,1,3,0,1,-1.6284,-2.2567,-2.2823,0.0
LLY,Zolumab,2020-05-22,2020,NDA,1.0,0.5,0.7,0.765,0.0,0.33,0.33,0.4767,0.162,0.0,4,3,6,2,-2.117,-2.117,1.1842,1.0
AZN,Ribumab,2021-09-27,2021,ANDA,0.3,0.0,0.9,0.315,0.0,0.33,0.33,0.4767,0.181,0.0,0,2,16,3,-1.8563,2.282,3.0994,1.0
REGN,Narafil,2018-03-17,2018,NDA,1.0,1.0,0.8,0.96,0.0,0.33,0.33,0.4767,0.181,0.0,5,2,1,1,0.0,-1.5395,-2.4684,0.0
AZN,Dunlizumab,2021-10-22,2021,ANDA,0.3,0.0,0.77,0.289,0.0,0.33,0.33,0.7003,0.309,0.0,4,2,17,4,-0.0324,-0.0324,0.9548,1.0
GILD,Abalizumab,2022-02-01,2022,NDA,1.0,0.5,1.0,0.825,0.0,0.33,0.33,0.4767,0.181,0.0,1,2,15,1,-3.8703,-6.6745,-6.9666,0.0
GILD,Cirafil,2020-12-01,2020,ANDA,0.3,0.0,1.0,0.335,0.0,0.33,0.33,0.4767,0.193,0.0,1,2,10,4,0.0163,0.7199,0.0818,1.0
AMGN,Palciclib,2021-05-23,2021,NDA,1.0,0.5,0.8,0.785,0.0,0.33,0.33,0.4767,0.181,0.0,6,2,18,2,0.0,-3.7134,-5.7195,0.0
AMGN,Velvir,2022-03-23,2022,NDA,1.0,1.0,0.95,0.99,0.0,0.33,0.33,0.4767,0.181,0.0,2,2,23,1,1.1487,2.686,3.5827,1.0
MRNA,Dunlizumab,2021-05-02,2021,ANDA,0.3,0.0,0.8,0.295,0.0,0.33,0.33,0.7003,0.309,0.0,6,1,15,2,0.0,-12.461,-14.7672,0.0
JNJ,Mavzumab,2023-01-31,2023,ANDA,0.3,0.0,0.85,0.305,0.0,0.33,0.33,0.4767,0.181,0.0,1,3,27,1,0.9179,0.7282,-0.0122,0.0
LLY,Abaximab,2021-03-01,2021,NDA,1.0,0.5,0.9,0.805,0.0,0.33,0.33,0.4767,0.171,0.0,0,3,12,1,-1.1285,-2.8721,0.2712,1.0
JNJ,Tekvir,2021-04-20,2021,NDA,1.0,0.5,1.0,0.825,0.0,0.33,0.33,0.4767,0.181,0.0,1,3,13,2,0.066,-0.5767,-1.9822,0.0
JNJ,Palvir,2018-06-22,2018,ANDA,0.3,0.0,0.7,0.275,0.0,0.33,0.33,0.4767,0.181,0.0,4,3,1,2,-0.2035,-0.2035,-1.2211,0.0
REGN,Narafil,2020-06-13,2020,ANDA,0.3,0.0,0.8,0.295,0.0,0.33,0.33,0.4767,0.193,0.0,5,2,8,2,0.0,0.3945,6.4192,1.0
JNJ,Narumab,2018-07-09,2018,NDA,1.0,0.5,0.9,0.805,0.0,0.33,0.33,0.4767,0.181,0.0,0,3,2,3,1.0551,1.3566,-1.0789,0.0
ABBV,Mavvir,2021-02-14,2021,NDA,1.0,0.5,0.8,0.785,0.0,0.33,0.33,0.4767,0.193,0.0,6,3,13,1,0.0,2.0058,2.7447,1.0
MRK,Dunzumab,2018-07-22,2018,ANDA,0.3,0.0,0.8,0.295,0.0,0.33,0.33,0.4767,0.171,0.0,6,3,2,3,0.0,2.8712,3.3817,1.0
JNJ,Narumab,2023-09-26,2023,NDA,1.0,1.0,1.0,1.0,0.0,0.33,0.33,0.4767,0.171,0.0,1,3,34,3,-1.2011,-2.0564,-2.3142,0.0
PFE,Narvir,2019-04-16,2019,NDA,1.0,0.5,1.0,0.825,0.0,0.33,0.33,0.4767,0.193,0.0,1,3,5,2,-2.5415,-4.741,-3.6657,0.0
ABBV,Duntinib,2019-10-30,2019,BLA,0.8,0.5,0.8883,0.7127,0.0,0.33,0.33,0.4767,0.193,0.0,2,3,5,4,-0.1381,4.1803,3.0379,1.0
REGN,Dunciclib,2019-06-24,2019,NDA,1.0,1.0,0.9,0.98,0.0,0.33,0.33,0.7003,0.309,0.0,0,2,6,2,0.112,-0.6015,1.283,1.0
BIIB,Zollizumab,2021-05-09,2021,BLA,0.8,0.6,0.8,0.73,0.0,0.33,0.33,0.4767,0.256,0.0,6,2,10,2,0.0,-0.5769,1.738,1.0
REGN,Ribximab,2022-05-01,2022,ANDA,0.3,0.0,0.8,0.295,0.0,0.33,0.33,0.4767,0.193,0.0,6,2,23,2,0.0,1.3558,-8.0136,0.0
JNJ,Narinib,2023-01-13,2023,ANDA,0.3,0.0,0.7,0.275,0.0,0.33,0.33,0.4767,0.181,0.0,4,3,25,1,-0.6169,-0.6169,-2.7042,0.0
MRNA,Tektinib,2020-10-25,2020,ANDA,0.3,0.0,0.88,0.311,0.0,0.33,0.33,0.4767,0.193,0.0,6,1,13,4,0.0,-6.4066,-4.4561,0.0
PFE,Dunvir,2022-12-08,2022,BLA,0.8,0.6,0.9,0.75,0.0,0.33,0.33,0.4767,0.256,0.0,3,3,20,4,-0.1159,0.7339,3.5342,1.0
GILD,Zolinib,2019-11-20,2019,BLA,0.8,0.5,1.0,0.735,0.0,0.33,0.33,0.4767,0.181,0.0,2,2,4,4,1.3101,3.6066,3.4525,1.0
JNJ,Tekximab,2019-02-09,2019,ANDA,0.3,0.0,0.8,0.295,0.0,0.33,0.33,0.4767,0.171,0.0,5,3,5,1,0.0,1.6364,2.7955,1.0
PFE,Mavmab,2022-07-27,2022,NDA,1.0,0.6,0.95,0.85,0.0,0.33,0.33,0.4767,0.256,0.0,2,3,18,3,-1.6101,-1.8235,-3.2784,0.0
LLY,Cirmab,2019-12-15,2019,NDA,1.0,0.5,0.8,0.785,0.0,0.33,0.33,0.4767,0.171,0.0,6,3,5,4,0.0,5.3968,6.7562,1.0
MRK,Zolmab,2023-03-17,2023,BLA,0.8,1.0,0.7,0.85,0.0,0.33,0.33,0.4767,0.162,0.0,4,3,16,1,1.6811,1.6811,0.6724,1.0
AZN,Velinib,2020-05-30,2020,BLA,0.8,1.0,0.68,0.846,0.0,0.33,0.33,0.4767,0.181,0.0,5,2,11,2,0.0,-0.7977,-4.6773,0.0
ABBV,Palximab,2018-09-07,2018,ANDA,0.3,0.0,0.7,0.275,0.0,0.33,0.33,0.7003,0.309,0.0,4,3,0,3,-0.3716,-0.3716,1.6035,1.0
JNJ,Zolximab,2018-09-25,2018,ANDA,0.3,0.0,1.0,0.335,0.0,0.33,0.33,0.7003,0.293,0.0,1,3,4,3,-0.3462,-0.339,1.3272,1.0
MRK,Narumab,2020-02-02,2020,BLA,0.8,0.5,0.8,0.695,0.0,0.33,0.33,0.4767,0.171,0.0,6,3,6,1,0.0,-1.7289,-1.9235,0.0
LLY,Ribafil,2019-08-01,2019,ANDA,0.3,0.0,0.9,0.315,0.0,0.33,0.33,0.4767,0.171,0.0,3,3,2,3,1.7283,-1.6288,3.1309,1.0
REGN,Palinib,2021-08-22,2021,BLA,0.8,0.5,0.8,0.695,0.0,0.33,0.33,0.4767,0.193,0.0,6,2,20,3,0.0,0.2832,1.4671,1.0
BIIB,Abaciclib,2023-07-11,2023,ANDA,0.3,0.0,1.0,0.335,0.0,0.33,0.33,0.4767,0.256,0.0,1,2,15,3,-0.7933,-0.3252,-1.3115,0.0
PFE,Tekvir,2020-10-16,2020,ANDA,0.3,0.0,0.77,0.289,0.0,0.33,0.33,0.4767,0.256,0.0,4,3,15,4,-0.3952,-0.3952,0.606,1.0
PFE,Velumab,2018-05-18,2018,NDA,1.0,0.5,0.7,0.765,0.0,0.33,0.33,0.4767,0.193,0.0,4,3,1,2,0.4489,0.4489,0.1123,1.0
PFE,Palximab,2018-03-10,2018,NDA,1.0,0.5,0.8,0.785,0.0,0.33,0.33,0.4767,0.193,0.0,5,3,0,1,0.0,0.3824,-0.7648,0.0
LLY,Mavtinib,2023-06-18,2023,ANDA,0.3,0.0,0.8,0.295,0.0,0.33,0.33,0.4767,0.22,0.0,6,3,22,2,0.0,0.2323,0.1792,1.0
ABBV,Ribinib,2023-03-03,2023,NDA,1.0,1.0,0.7,0.94,0.0,0.33,0.33,0.4767,0.181,0.0,4,3,23,1,-0.4998,-0.4998,-4.0689,0.0
AMGN,Palvir,2020-10-25,2020,ANDA,0.3,0.0,0.88,0.311,0.0,0.33,0.33,0.4767,0.181,0.0,6,2,13,4,0.0,-3.7841,-2.081,0.0
BMY,Cirinib,2019-06-08,2019,NDA,1.0,0.5,0.8,0.785,0.0,0.33,0.33,0.4767,0.193,0.0,5,2,4,2,0.0,1.8691,4.7815,1.0
AMGN,Narximab,2023-09-26,2023,NDA,1.0,0.5,1.0,0.825,0.0,0.33,0.33,0.4767,0.181,0.0,1,2,26,3,-0.0223,-0.1041,-2.9847,0.0
BIIB,Cirzumab,2018-12-03,2018,ANDA,0.3,0.0,0.9,0.315,0.0,0.33,0.33,0.4767,0.193,0.0,0,2,1,4,-2.8478,-1.6527,-3.8382,0.0
ABBV,Abatinib,2021-06-30,2021,NDA,1.0,0.5,0.8075,0.7865,0.0,0.33,0.33,0.4767,0.181,0.0,2,3,14,2,1.4382,2.7433,3.6488,1.0
AMGN,Velinib,2023-10-27,2023,NDA,1.0,0.6,0.77,0.814,0.0,0.33,0.33,0.4767,0.256,0.0,4,2,27,4,0.6193,0.6193,3.1693,1.0
AMGN,Ribafil,2021-08-28,2021,BLA,0.8,0.5,0.68,0.671,0.0,0.33,0.33,0.4767,0.181,0.0,5,2,19,3,0.0,0.6246,-1.2448,0.0
LLY,Palvir,2022-11-10,2022,BLA,0.8,0.5,0.99,0.733,0.0,0.33,0.33,0.4767,0.162,0.0,3,3,19,4,-4.4532,-3.1641,-1.8832,0.0
JNJ,Narafil,2021-04-30,2021,ANDA,0.3,0.0,0.595,0.254,0.0,0.33,0.33,0.4767,0.237,0.0,4,3,15,2,1.524,1.524,3.5457,1.0
REGN,Zolafil,2023-05-31,2023,BLA,0.8,0.6,0.8075,0.7315,0.0,0.33,0.33,0.4767,0.256,0.0,2,2,28,2,-0.5968,1.9999,0.4174,1.0
AMGN,Zolzumab,2019-06-21,2019,BLA,0.8,0.5,0.7,0.675,0.0,0.33,0.33,0.4767,0.193,0.0,4,2,8,2,-1.2185,-1.2185,-1.5125,0.0
AZN,Palzumab,2018-08-21,2018,BLA,0.8,0.5,1.0,0.735,0.0,0.33,0.33,0.4767,0.181,0.0,1,2,2,3,-0.258,-1.1868,-0.2838,0.0
MRNA,Abavir,2022-03-22,2022,ANDA,0.3,0.0,1.0,0.335,0.0,0.33,0.33,0.4767,0.181,0.0,1,1,17,1,-4.2791,-11.1397,-3.2562,0.0
MRNA,Mavlizumab,2020-05-26,2020,ANDA,0.3,0.0,1.0,0.335,0.0,0.33,0.33,0.4767,0.181,0.0,1,1,9,2,-9.5824,6.5673,3.7429,1.0
PFE,Mavafil,2022-09-30,2022,NDA,1.0,0.5,0.595,0.744,0.0,0.33,0.33,0.4767,0.193,0.0,4,3,19,3,0.8684,0.8684,-3.2906,0.0
AZN,Velafil,2022-06-19,2022,BLA,0.8,0.5,0.8,0.695,0.0,0.33,0.33,0.4767,0.181,0.0,6,2,20,2,0.0,1.1459,5.8571,1.0
LLY,Dunzumab,2020-11-29,2020,ANDA,0.3,0.0,0.748,0.2846,0.0,0.33,0.33,0.4767,0.162,0.0,6,3,9,4,0.0,-0.3364,1.2152,1.0
BMY,Abaximab,2022-10-22,2022,BLA,0.8,0.5,0.88,0.711,0.0,0.33,0.33,0.4767,0.193,0.0,5,2,15,4,0.0,-0.3014,6.1378,1.0
ABBV,Paltinib,2022-01-04,2022,BLA,0.8,0.5,1.0,0.735,0.0,0.33,0.33,0.4767,0.181,0.0,1,3,18,1,0.5253,-0.2072,1.3392,1.0
JNJ,Mavvir,2022-07-27,2022,NDA,1.0,0.5,0.95,0.815,0.0,0.33,0.33,0.4767,0.181,0.0,2,3,22,3,0.5773,0.4099,0.8025,1.0
AZN,Abaumab,2018-08-13,2018,ANDA,0.3,0.0,0.9,0.315,0.0,0.33,0.33,0.4767,0.193,0.0,0,2,1,3,-0.1025,-2.7166,-0.4357,0.0
PFE,Mavlizumab,2018-11-16,2018,BLA,0.8,0.5,0.77,0.689,0.0,0.33,0.33,0.4767,0.193,0.0,4,3,2,4,1.5399,1.5399,-0.8504,0.0
BIIB,Ribumab,2023-07-20,2023,ANDA,0.3,0.0,0.9,0.315,0.0,0.33,0.33,0.4767,0.193,0.0,3,2,16,3,0.7426,0.8373,-4.3356,0.0
ABBV,Dunciclib,2018-11-17,2018,BLA,0.8,0.5,0.88,0.711,0.0,0.33,0.33,0.4767,0.193,0.0,5,3,2,4,0.0,-1.5535,-3.6209,0.0
ABBV,Zollizumab,2021-01-23,2021,BLA,0.8,0.6,0.8,0.73,0.0,0.33,0.33,0.4767,0.256,0.0,5,3,10,1,0.0,-1.5385,-7.4208,0.0
REGN,Duntinib,2018-11-30,2018,NDA,1.0,1.0,0.6545,0.9309,0.0,0.33,0.33,0.7003,0.309,0.0,4,2,4,4,4.6383,4.6383,1.9636,1.0
GILD,Zoltinib,2022-04-20,2022,BLA,0.8,0.5,0.95,0.725,0.0,0.33,0.33,0.4767,0.193,0.0,2,2,16,2,0.2359,-1.4937,-3.1604,0.0
BMY,Dunmab,2020-05-22,2020,NDA,1.0,0.5,0.7,0.765,0.0,0.33,0.33,0.4767,0.193,0.0,4,2,9,2,-0.7731,-0.7731,-1.7602,0.0
MRK,Cirzumab,2018-03-19,2018,NDA,1.0,0.5,0.9,0.805,0.0,0.33,0.33,0.4767,0.162,0.0,0,3,1,1,0.0183,-0.9335,-1.08,0.0
AMGN,Tektinib,2023-02-07,2023,NDA,1.0,1.0,1.0,1.0,0.0,0.33,0.33,0.7003,0.309,0.0,1,2,24,1,-1.5574,-0.6147,-0.3461,0.0
JNJ,Tekumab,2023-03-04,2023,NDA,1.0,0.5,0.8,0.785,0.0,0.33,0.33,0.4767,0.181,0.0,5,3,28,1,0.0,-0.945,-1.6071,0.0
PFE,Pallizumab,2019-05-18,2019,NDA,1.0,0.6,0.8,0.82,0.0,0.33,0.33,0.4767,0.256,0.0,5,3,6,2,0.0,0.1924,0.7454,1.0
JNJ,Mavmab,2018-07-17,2018,ANDA,0.3,0.0,1.0,0.335,0.0,0.33,0.33,0.4767,0.171,0.0,1,3,3,3,-1.0147,-2.525,0.1936,1.0
JNJ,Abaumab,2022-01-11,2022,ANDA,0.3,0.0,1.0,0.335,0.0,0.33,0.33,0.7003,0.293,0.0,1,3,19,1,-0.8526,-1.9912,-2.4234,0.0
LLY,Dunafil,2021-01-25,2021,ANDA,0.3,0.0,0.9,0.315,0.0,0.33,0.33,0.4767,0.171,0.0,0,3,11,1,0.1742,-1.0501,-4.3372,0.0
AZN,Cirumab,2019-06-01,2019,BLA,0.8,1.0,0.8,0.87,0.0,0.33,0.33,0.7003,0.309,0.0,5,2,7,2,0.0,1.8206,4.4591,1.0
BMY,Abatinib,2020-03-25,2020,NDA,1.0,0.6,0.95,0.85,0.0,0.33,0.33,0.4767,0.256,0.0,2,2,8,1,5.8764,10.2128,11.0841,1.0
ABBV,Abainib,2023-09-26,2023,ANDA,0.3,0.0,1.0,0.335,0.0,0.33,0.33,0.4767,0.193,0.0,1,3,25,3,-0.5068,-3.1512,-4.2102,0.0
JNJ,Dunzumab,2020-03-04,2020,ANDA,0.3,0.0,0.95,0.325,0.0,0.33,0.33,0.4767,0.181,0.0,2,3,11,1,-1.0245,-4.9066,-8.1405,0.0
AMGN,Tekvir,2019-12-13,2019,ANDA,0.3,0.0,0.7,0.275,0.0,0.33,0.33,0.4767,0.193,0.0,4,2,9,4,2.7287,2.7287,2.6696,1.0
PFE,Abalizumab,2018-12-22,2018,ANDA,0.3,0.0,0.8,0.295,0.0,0.33,0.33,0.4767,0.193,0.0,5,3,4,4,0.0,4.0444,7.6449,1.0
MRK,Circiclib,2019-08-27,2019,ANDA,0.3,0.0,1.0,0.335,0.0,0.33,0.33,0.4767,0.22,0.0,1,3,3,3,1.1226,1.1108,1.3213,1.0
JNJ,Zollizumab,2021-12-01,2021,NDA,1.0,0.5,0.95,0.815,0.0,0.33,0.33,0.4767,0.181,0.0,2,3,18,4,-0.6263,3.0744,3.96,1.0
AZN,Mavafil,2023-01-29,2023,BLA,0.8,0.6,0.68,0.706,0.0,0.33,0.33,0.4767,0.256,0.0,6,2,23,1,0.0,-3.4629,-3.5237,0.0
ABBV,Narvir,2021-08-25,2021,ANDA,0.3,0.0,0.95,0.325,0.0,0.33,0.33,0.4767,0.193,0.0,2,3,16,3,0.0,0.1412,-6.7525,0.0
GILD,Ribzumab,2020-07-25,2020,NDA,1.0,1.0,0.8,0.96,0.0,0.33,0.33,0.7003,0.309,0.0,5,2,8,3,0.0,-1.0867,-3.7698,0.0
AMGN,Tekinib,2019-01-21,2019,ANDA,0.3,0.0,0.9,0.315,0.0,0.33,0.33,0.4767,0.193,0.0,0,2,6,1,0.0,-0.5,-4.9658,0.0
MRNA,Ribximab,2020-07-27,2020,ANDA,0.3,0.0,0.9,0.315,0.0,0.33,0.33,0.4767,0.181,0.0,0,1,10,3,1.9772,-2.8532,-2.4152,0.0
GILD,Duntinib,2019-12-11,2019,ANDA,0.3,0.0,0.95,0.325,0.0,0.33,0.33,0.4767,0.193,0.0,2,2,5,4,0.7148,-1.5339,-2.1891,0.0
PFE,Mavvir,2020-09-29,2020,NDA,1.0,0.6,0.85,0.83,0.0,0.33,0.33,0.4767,0.256,0.0,1,3,14,3,1.4653,0.5806,0.0,0.0
MRNA,Zolzumab,2020-08-24,2020,NDA,1.0,1.0,0.9,0.98,0.0,0.33,0.33,0.4767,0.181,0.0,0,1,11,3,2.1116,4.8551,0.0154,1.0
PFE,Velumab,2018-12-08,2018,NDA,1.0,0.5,0.8,0.785,0.0,0.33,0.33,0.4767,0.193,0.0,5,3,3,4,0.0,-0.8784,-2.9054,0.0
PFE,Tekmab,2020-09-16,2020,ANDA,0.3,0.0,0.95,0.325,0.0,0.33,0.33,0.4767,0.193,0.0,2,3,13,3,0.1087,-2.0663,-2.1207,0.0
ABBV,Zoltinib,2023-09-11,2023,ANDA,0.3,0.0,0.9,0.315,0.0,0.33,0.33,0.4767,0.193,0.0,0,3,24,3,0.1543,3.0864,3.2877,1.0
MRNA,Palinib,2021-10-26,2021,NDA,1.0,0.5,1.0,0.825,0.0,0.33,0.33,0.4767,0.193,0.0,1,1,16,4,-1.4057,-0.1533,0.8388,1.0
REGN,Ribzumab,2022-08-29,2022,NDA,1.0,1.0,0.765,0.953,0.0,0.33,0.33,0.7003,0.309,0.0,0,2,27,3,-0.7389,1.326,-3.1716,0.0
ABBV,Cirvir,2020-03-10,2020,NDA,1.0,0.6,1.0,0.86,0.0,0.33,0.33,0.4767,0.256,0.0,1,3,7,1,-3.0618,-2.4677,-16.5772,0.0
MRNA,Tekinib,2023-11-05,2023,NDA,1.0,1.0,0.88,0.976,0.0,0.33,0.33,0.4767,0.181,0.0,6,1,21,4,0.0,-1.0129,-2.5808,0.0
ABBV,Velafil,2023-02-02,2023,NDA,1.0,1.0,0.9,0.98,0.0,0.33,0.33,0.4767,0.181,0.0,3,3,22,1,0.2485,0.1243,2.665,1.0
ABBV,Palmab,2021-07-11,2021,BLA,0.8,1.0,0.8,0.87,0.0,0.33,0.33,0.4767,0.181,0.0,6,3,15,3,0.0,0.8827,-0.7849,0.0
ABBV,Abalizumab,2019-03-28,2019,BLA,0.8,0.5,0.765,0.688,0.0,0.33,0.33,0.4767,0.193,0.0,3,3,3,1,0.7879,1.0255,3.5643,1.0
LLY,Cirafil,2023-08-17,2023,ANDA,0.3,0.0,0.9,0.315,0.0,0.33,0.33,0.7003,0.279,0.0,3,3,24,3,1.6312,2.3044,1.9232,1.0
LLY,Abainib,2020-07-03,2020,NDA,1.0,0.5,0.7,0.765,0.0,0.33,0.33,0.4767,0.162,0.0,4,3,7,3,0.0,0.0,-2.1152,0.0
PFE,Cirinib,2023-04-24,2023,ANDA,0.3,0.0,0.9,0.315,0.0,0.33,0.33,0.4767,0.193,0.0,0,3,22,2,-1.4533,-2.9316,-1.7539,0.0
LLY,Dunlizumab,2022-04-05,2022,ANDA,0.3,0.0,1.0,0.335,0.0,0.33,0.33,0.4767,0.171,0.0,1,3,15,2,4.5642,6.5643,5.3301,1.0
GILD,Abavir,2023-03-06,2023,BLA,0.8,0.5,0.9,0.715,0.0,0.33,0.33,0.4767,0.193,0.0,0,2,20,1,-1.0233,-2.6631,-1.9726,0.0
REGN,Tekumab,2023-10-08,2023,ANDA,0.3,0.0,0.88,0.311,0.0,0.33,0.33,0.4767,0.181,0.0,6,2,29,4,0.0,0.5109,1.4234,1.0
JNJ,Velinib,2019-06-05,2019,NDA,1.0,0.5,0.95,0.815,0.0,0.33,0.33,0.4767,0.181,0.0,2,3,7,2,1.7115,3.4529,5.4323,1.0
GILD,Mavzumab,2022-11-17,2022,ANDA,0.3,0.0,0.99,0.333,0.0,0.33,0.33,0.4767,0.181,0.0,3,2,19,4,0.0,0.873,3.1572,1.0
AMGN,Mavinib,2020-03-15,2020,NDA,1.0,0.5,0.8,0.785,0.0,0.33,0.33,0.4767,0.193,0.0,6,2,11,1,0.0,8.586,-1.4575,0.0
MRK,Mavinib,2018-02-10,2018,BLA,0.8,0.5,0.8,0.695,0.0,0.33,0.33,0.4767,0.171,0.0,5,3,0,1,0.0,-0.9561,-0.8118,0.0
BMY,Dunvir,2022-06-11,2022,BLA,0.8,0.5,0.8,0.695,0.0,0.33,0.33,0.4767,0.193,0.0,5,2,13,2,0.0,-0.9649,3.9277,1.0
MRK,Velinib,2019-10-08,2019,ANDA,0.3,0.0,1.0,0.335,0.0,0.33,0.33,0.4767,0.162,0.0,1,3,4,4,1.0686,1.2607,2.1011,1.0
GILD,Zolvir,2022-09-05,2022,NDA,1.0,0.6,0.9,0.84,0.0,0.33,0.33,0.4767,0.256,0.0,0,2,18,3,0.0,2.6976,7.2882,1.0
REGN,Palximab,2022-05-19,2022,BLA,0.8,1.0,0.9,0.89,0.0,0.33,0.33,0.7003,0.309,0.0,3,2,25,2,0.6072,3.7678,4.0006,1.0
JNJ,Cirlizumab,2021-10-26,2021,NDA,1.0,0.5,1.0,0.825,0.0,0.33,0.33,0.4767,0.181,0.0,1,3,17,4,-1.2127,-1.7315,-0.0965,0.0
ABBV,Tektinib,2021-02-10,2021,ANDA,0.3,0.0,0.95,0.325,0.0,0.33,0.33,0.4767,0.193,0.0,2,3,12,1,-0.2883,0.1442,2.1528,1.0
MRNA,Mavlizumab,2020-01-28,2020,ANDA,0.3,0.0,0.85,0.305,0.0,0.33,0.33,0.4767,0.256,0.0,1,1,6,1,-8.0948,-8.2737,-6.6637,0.0
PFE,Abamab,2020-01-21,2020,BLA,0.8,0.5,1.0,0.735,0.0,0.33,0.33,0.4767,0.193,0.0,1,3,8,1,-0.3718,-1.289,-5.4536,0.0
AZN,Palciclib,2018-12-31,2018,ANDA,0.3,0.0,0.765,0.288,0.0,0.33,0.33,0.4767,0.181,0.0,0,2,4,4,-0.4739,0.9216,2.1064,1.0
MRNA,Zolciclib,2020-11-06,2020,NDA,1.0,1.0,0.77,0.954,0.0,0.33,0.33,0.4767,0.181,0.0,4,1,14,4,7.3016,7.3016,23.3816,1.0
BIIB,Tekmab,2018-01-25,2018,ANDA,0.3,0.0,0.9,0.315,0.0,0.33,0.33,0.7003,0.309,0.0,3,2,0,1,4.0058,1.34,-2.188,0.0
REGN,Circiclib,2020-11-06,2020,ANDA,0.3,0.0,0.77,0.289,0.0,0.33,0.33,0.4767,0.193,0.0,4,2,12,4,-1.8131,-1.8131,-2.0068,0.0
PFE,Velmab,2021-09-03,2021,ANDA,0.3,0.0,0.7,0.275,0.0,0.33,0.33,0.4767,0.193,0.0,4,3,16,3,-0.1921,-0.1921,-2.6687,0.0
MRK,Mavximab,2022-02-17,2022,NDA,1.0,0.6,0.9,0.84,0.0,0.33,0.33,0.4767,0.22,0.0,3,3,12,1,0.0131,-0.5369,-3.7323,0.0
GILD,Circiclib,2021-07-15,2021,BLA,0.8,1.0,0.9,0.89,0.0,0.33,0.33,0.4767,0.181,0.0,3,2,13,3,0.4832,-0.1025,0.5125,1.0
AMGN,Tekvir,2019-02-05,2019,ANDA,0.3,0.0,1.0,0.335,0.0,0.33,0.33,0.4767,0.256,0.0,1,2,7,1,1.301,-1.2267,0.0637,1.0
BMY,Dunafil,2018-12-01,2018,BLA,0.8,0.6,0.8,0.73,0.0,0.33,0.33,0.4767,0.256,0.0,5,2,3,4,0.0,-2.3461,-1.3138,0.0
ABBV,Palzumab,2019-12-28,2019,BLA,0.8,0.5,0.68,0.671,0.0,0.33,0.33,0.4767,0.181,0.0,5,3,6,4,0.0,0.0226,0.9941,1.0
JNJ,Zoltinib,2019-09-07,2019,BLA,0.8,0.5,0.8,0.695,0.0,0.33,0.33,0.4767,0.171,0.0,5,3,8,3,0.0,2.048,2.0402,1.0
REGN,Riblizumab,2021-01-26,2021,NDA,1.0,0.5,1.0,0.825,0.0,0.33,0.33,0.4767,0.193,0.0,1,2,14,1,-5.2454,-7.3994,-8.1088,0.0
AMGN,Tektinib,2018-12-30,2018,ANDA,0.3,0.0,0.68,0.271,0.0,0.33,0.33,0.4767,0.256,0.0,6,2,5,4,0.0,-1.4229,1.7466,1.0
AZN,Palumab,2020-07-09,2020,NDA,1.0,0.5,0.9,0.805,0.0,0.33,0.33,0.4767,0.193,0.0,3,2,12,3,-0.3891,-1.3526,6.411,1.0
AMGN,Ribvir,2018-11-07,2018,NDA,1.0,0.5,1.0,0.825,0.0,0.33,0.33,0.4767,0.193,0.0,2,2,3,4,-0.8097,-3.0665,-3.6737,0.0
BIIB,Ribafil,2021-07-21,2021,ANDA,0.3,0.0,0.95,0.325,0.0,0.33,0.33,0.4767,0.193,0.0,2,2,11,3,1.0528,2.7774,3.4741,1.0
AZN,Dunciclib,2023-07-26,2023,NDA,1.0,0.5,0.95,0.815,0.0,0.33,0.33,0.4767,0.193,0.0,2,2,26,3,-1.7873,3.3439,1.5711,1.0
ABBV,Narafil,2018-09-23,2018,NDA,1.0,0.6,0.8,0.82,0.0,0.33,0.33,0.4767,0.256,0.0,6,3,1,3,0.0,0.8135,1.6913,1.0
MRK,Velinib,2023-08-13,2023,NDA,1.0,0.5,0.8,0.785,0.0,0.33,0.33,0.4767,0.171,0.0,6,3,17,3,0.0,-0.1653,0.6703,1.0
MRNA,Zollizumab,2019-03-08,2019,BLA,0.8,0.5,0.7,0.675,0.0,0.33,0.33,0.4767,0.193,0.0,4,1,1,1,-2.3889,-2.3889,4.2523,1.0
GILD,Cirlizumab,2020-08-21,2020,ANDA,0.3,0.0,0.7,0.275,0.0,0.33,0.33,0.4767,0.181,0.0,4,2,9,3,-0.6316,-0.6316,-1.8646,0.0
BIIB,Veltinib,2020-03-17,2020,NDA,1.0,0.5,1.0,0.825,0.0,0.33,0.33,0.4767,0.193,0.0,1,2,6,1,-2.1748,-8.6958,-9.5408,0.0
MRNA,Velzumab,2020-02-11,2020,NDA,1.0,0.6,1.0,0.86,0.0,0.33,0.33,0.4767,0.256,0.0,1,1,7,1,-10.9602,-11.007,-11.4286,0.0
BMY,Cirinib,2021-10-21,2021,NDA,1.0,0.5,0.99,0.823,0.0,0.33,0.33,0.4767,0.181,0.0,3,2,11,4,-0.3633,0.0,-1.1763,0.0
AMGN,Mavlizumab,2023-03-27,2023,NDA,1.0,1.0,0.9,0.98,0.0,0.33,0.33,0.4767,0.181,0.0,0,2,25,1,0.7265,2.002,3.2438,1.0
LLY,Cirumab,2020-11-09,2020,NDA,1.0,1.0,0.99,0.998,0.0,0.33,0.33,0.4767,0.162,0.0,0,3,8,4,2.972,-0.4042,-0.715,0.0
BIIB,Zoltinib,2020-04-29,2020,BLA,0.8,0.5,0.8075,0.6965,0.0,0.33,0.33,0.4767,0.181,0.0,2,2,7,2,-2.5861,-2.6878,0.6793,1.0
JNJ,Narciclib,2020-06-11,2020,BLA,0.8,0.5,0.9,0.715,0.0,0.33,0.33,0.4767,0.181,0.0,3,3,12,2,0.9086,0.2698,1.8031,1.0
MRK,Velmab,2022-06-29,2022,BLA,0.8,0.5,0.8075,0.6965,0.0,0.33,0.33,0.4767,0.162,0.0,2,3,14,2,-1.4485,0.1405,0.6702,1.0
REGN,Narinib,2021-05-03,2021,NDA,1.0,1.0,0.9,0.98,0.0,0.33,0.33,0.4767,0.181,0.0,0,2,17,2,-0.704,2.0589,2.8079,1.0
AMGN,Narlizumab,2018-02-09,2018,NDA,1.0,0.6,0.7,0.8,0.0,0.33,0.33,0.4767,0.256,0.0,4,2,1,1,0.8128,0.8128,6.6168,1.0
BIIB,Mavtinib,2020-09-01,2020,BLA,0.8,0.5,1.0,0.735,0.0,0.33,0.33,0.4767,0.193,0.0,1,2,8,3,2.0912,-1.3405,-3.8785,0.0
MRK,Mavlizumab,2020-07-02,2020,ANDA,0.3,0.0,0.9,0.315,0.0,0.33,0.33,0.7003,0.279,0.0,3,3,7,3,1.0155,1.0155,-2.6529,0.0
REGN,Paltinib,2019-08-16,2019,NDA,1.0,0.5,0.7,0.765,0.0,0.33,0.33,0.4767,0.193,0.0,4,2,7,3,0.5154,0.5154,-3.3687,0.0
JNJ,Velinib,2022-05-11,2022,BLA,0.8,0.5,0.95,0.725,0.0,0.33,0.33,0.4767,0.171,0.0,2,3,21,2,0.9879,1.1071,-0.3577,0.0
BIIB,Mavtinib,2021-08-05,2021,NDA,1.0,0.5,0.9,0.805,0.0,0.33,0.33,0.4767,0.193,0.0,3,2,12,3,1.0131,1.0725,1.2151,1.0
ABBV,Narlizumab,2022-09-01,2022,NDA,1.0,1.0,0.9,0.98,0.0,0.33,0.33,0.4767,0.181,0.0,3,3,21,3,-1.5673,-0.6211,1.4951,1.0
AZN,Teklizumab,2019-12-01,2019,ANDA,0.3,0.0,0.8,0.295,0.0,0.33,0.33,0.4767,0.181,0.0,6,2,9,4,0.0,-0.3721,-1.2609,0.0
AMGN,Tekvir,2020-11-20,2020,NDA,1.0,0.5,0.77,0.779,0.0,0.33,0.33,0.4767,0.181,0.0,4,2,14,4,-0.4257,-0.4257,0.7349,1.0
BIIB,Palzumab,2022-04-24,2022,NDA,1.0,0.5,0.8,0.785,0.0,0.33,0.33,0.4767,0.193,0.0,6,2,13,2,0.0,-3.5425,-3.3653,0.0
REGN,Zolciclib,2021-06-01,2021,ANDA,0.3,0.0,1.0,0.335,0.0,0.33,0.33,0.7003,0.309,0.0,1,2,18,2,0.4233,1.7209,0.6339,1.0
MRNA,Mavmab,2019-11-06,2019,NDA,1.0,0.5,1.0,0.825,0.0,0.33,0.33,0.4767,0.193,0.0,2,1,4,4,8.4935,7.8735,13.1432,1.0
LLY,Pallizumab,2021-06-01,2021,BLA,0.8,1.0,1.0,0.91,0.0,0.33,0.33,0.4767,0.162,0.0,1,3,13,2,0.3578,1.8144,11.2287,1.0
AZN,Zolximab,2020-01-01,2020,BLA,0.8,0.5,0.95,0.725,0.0,0.33,0.33,0.4767,0.193,0.0,2,2,10,1,0.0,-1.0121,-0.8732,0.0
AMGN,Cirtinib,2018-01-22,2018,BLA,0.8,1.0,0.9,0.89,0.0,0.33,0.33,0.4767,0.181,0.0,0,2,0,1,-0.1768,-1.1698,2.9481,1.0
MRNA,Abamab,2019-12-05,2019,BLA,0.8,0.5,0.9,0.715,0.0,0.33,0.33,0.4767,0.193,0.0,3,1,5,4,-8.2364,-9.0116,-10.6105,0.0
REGN,Zolximab,2020-06-25,2020,ANDA,0.3,0.0,0.9,0.315,0.0,0.33,0.33,0.4767,0.193,0.0,3,2,9,2,-1.3872,-1.4662,0.4016,1.0
JNJ,Cirinib,2023-06-30,2023,ANDA,0.3,0.0,0.595,0.254,0.0,0.33,0.33,0.7003,0.293,0.0,4,3,31,2,-1.311,-1.311,-3.7881,0.0
MRNA,Ribciclib,2023-06-24,2023,NDA,1.0,0.5,0.8,0.785,0.0,0.33,0.33,0.4767,0.193,0.0,5,1,19,2,0.0,0.2159,1.0963,1.0
LLY,Abainib,2021-01-03,2021,NDA,1.0,0.5,0.8,0.785,0.0,0.33,0.33,0.4767,0.171,0.0,6,3,10,1,0.0,-0.713,12.3505,1.0
AZN,Ribumab,2022-04-12,2022,BLA,0.8,0.5,1.0,0.735,0.0,0.33,0.33,0.4767,0.181,0.0,1,2,19,2,0.5247,0.0,-0.481,0.0
REGN,Dunlizumab,2020-09-15,2020,ANDA,0.3,0.0,1.0,0.335,0.0,0.33,0.33,0.4767,0.193,0.0,1,2,11,3,-1.8538,-4.2525,-1.4468,0.0
AZN,Dunmab,2023-05-31,2023,BLA,0.8,0.5,0.8075,0.6965,0.0,0.33,0.33,0.4767,0.181,0.0,2,2,25,2,-0.3284,0.1642,0.3147,1.0
PFE,Palmab,2020-07-22,2020,BLA,0.8,0.5,0.95,0.725,0.0,0.33,0.33,0.4767,0.193,0.0,2,3,10,3,-0.389,-2.6452,1.8154,1.0
PFE,Velciclib,2022-12-15,2022,NDA,1.0,0.5,0.9,0.805,0.0,0.33,0.33,0.4767,0.193,0.0,3,3,21,4,-4.1224,-4.197,-3.6747,0.0
MRK,Palzumab,2020-11-16,2020,ANDA,0.3,0.0,0.99,0.333,0.0,0.33,0.33,0.4767,0.22,0.0,0,3,9,4,1.6463,0.2619,0.1247,1.0
JNJ,Velvir,2019-11-24,2019,NDA,1.0,0.5,0.88,0.801,0.0,0.33,0.33,0.4767,0.181,0.0,6,3,10,4,0.0,0.4155,0.1312,1.0
AZN,Abazumab,2021-06-13,2021,BLA,0.8,0.6,0.8,0.73,0.0,0.33,0.33,0.4767,0.256,0.0,6,2,15,2,0.0,-0.5956,-0.7658,0.0
BMY,Dunlizumab,2020-10-10,2020,ANDA,0.3,0.0,0.88,0.311,0.0,0.33,0.33,0.4767,0.181,0.0,5,2,10,4,0.0,-1.1322,-1.7144,0.0
ABBV,Zoltinib,2020-12-23,2020,ANDA,0.3,0.0,0.95,0.325,0.0,0.33,0.33,0.4767,0.181,0.0,2,3,9,4,-0.0194,0.1646,1.9268,1.0
MRNA,Mavciclib,2019-08-30,2019,BLA,0.8,0.6,0.595,0.689,0.0,0.33,0.33,0.4767,0.256,0.0,4,1,3,3,-5.4037,-5.4037,0.9536,1.0
REGN,Mavmab,2021-11-16,2021,BLA,0.8,1.0,1.0,0.91,0.0,0.33,0.33,0.4767,0.181,0.0,1,2,22,4,-0.1431,1.5449,1.0222,1.0
GILD,Mavximab,2022-08-23,2022,NDA,1.0,0.5,1.0,0.825,0.0,0.33,0.33,0.4767,0.193,0.0,1,2,17,3,-0.0942,-2.0572,-1.853,0.0
AZN,Palumab,2020-07-24,2020,NDA,1.0,1.0,0.7,0.94,0.0,0.33,0.33,0.7003,0.309,0.0,4,2,13,3,1.3978,1.3978,-0.0359,0.0
PFE,Zolzumab,2023-05-04,2023,NDA,1.0,1.0,0.9,0.98,0.0,0.33,0.33,0.4767,0.181,0.0,3,3,23,2,0.6801,1.1509,-0.6365,0.0
BMY,Cirinib,2018-03-31,2018,ANDA,0.3,0.0,0.68,0.271,0.0,0.33,0.33,0.7003,0.309,0.0,5,2,1,1,0.0,1.2419,-1.8281,0.0
MRNA,Zoltinib,2019-03-04,2019,BLA,0.8,0.6,0.9,0.75,0.0,0.33,0.33,0.4767,0.256,0.0,0,1,0,1,1.1837,-2.5095,-3.267,0.0
JNJ,Mavciclib,2023-08-19,2023,ANDA,0.3,0.0,0.8,0.295,0.0,0.33,0.33,0.4767,0.181,0.0,5,3,32,3,0.0,-0.7947,-1.1157,0.0
GILD,Velinib,2021-07-11,2021,BLA,0.8,0.5,0.8,0.695,0.0,0.33,0.33,0.4767,0.193,0.0,6,2,12,3,0.0,-0.2057,0.2351,1.0
AZN,Tekzumab,2018-09-08,2018,BLA,0.8,0.6,0.8,0.73,0.0,0.33,0.33,0.4767,0.256,0.0,5,2,3,3,0.0,0.5828,-0.5033,0.0
AZN,Cirmab,2018-01-22,2018,BLA,0.8,1.0,0.9,0.89,0.0,0.33,0.33,0.7003,0.309,0.0,0,2,0,1,0.3617,0.5843,0.7791,1.0
REGN,Palximab,2020-08-28,2020,BLA,0.8,0.5,0.595,0.654,0.0,0.33,0.33,0.4767,0.193,0.0,4,2,10,3,2.8742,2.8742,-3.6923,0.0
LLY,Ribvir,2022-04-10,2022,NDA,1.0,0.5,0.8,0.785,0.0,0.33,0.33,0.4767,0.171,0.0,6,3,16,2,0.0,-2.0359,-3.282,0.0
LLY,Velafil,2019-11-16,2019,BLA,0.8,0.5,0.88,0.711,0.0,0.33,0.33,0.4767,0.171,0.0,5,3,4,4,0.0,0.9029,2.9806,1.0
LLY,Palmab,2023-06-13,2023,ANDA,0.3,0.0,1.0,0.335,0.0,0.33,0.33,0.4767,0.162,0.0,1,3,21,2,0.4487,0.4464,1.3977,1.0
MRK,Ribvir,2020-12-18,2020,ANDA,0.3,0.0,0.7,0.275,0.0,0.33,0.33,0.4767,0.162,0.0,4,3,10,4,-0.3018,-0.3018,1.1568,1.0
JNJ,Zolafil,2023-06-06,2023,NDA,1.0,0.5,1.0,0.825,0.0,0.33,0.33,0.4767,0.181,0.0,1,3,30,2,0.215,1.1569,1.6184,1.0
MRK,Velzumab,2020-08-14,2020,ANDA,0.3,0.0,0.7,0.275,0.0,0.33,0.33,0.7003,0.279,0.0,4,3,8,3,1.5333,1.5333,1.7969,1.0
AZN,Velinib,2020-08-13,2020,NDA,1.0,0.5,0.9,0.805,0.0,0.33,0.33,0.4767,0.193,0.0,3,2,14,3,-1.0932,1.1828,1.2366,1.0
JNJ,Duninib,2021-06-27,2021,ANDA,0.3,0.0,0.8,0.295,0.0,0.33,0.33,0.4767,0.171,0.0,6,3,16,2,0.0,0.439,2.4082,1.0
AZN,Abaximab,2021-12-12,2021,BLA,0.8,0.6,0.8,0.73,0.0,0.33,0.33,0.4767,0.256,0.0,6,2,18,4,0.0,2.0887,3.6277,1.0
JNJ,Ribinib,2019-09-29,2019,BLA,0.8,0.5,0.68,0.671,0.0,0.33,0.33,0.4767,0.181,0.0,6,3,9,3,0.0,2.025,2.9216,1.0
PFE,Tekvir,2023-11-18,2023,ANDA,0.3,0.0,0.88,0.311,0.0,0.33,0.33,0.7003,0.309,0.0,5,3,24,4,0.0,1.0674,0.5337,1.0
MRNA,Mavtinib,2019-07-07,2019,ANDA,0.3,0.0,0.8,0.295,0.0,0.33,0.33,0.4767,0.193,0.0,6,1,2,3,0.0,1.3296,0.2099,1.0
GILD,Zolciclib,2020-04-17,2020,NDA,1.0,1.0,0.7,0.94,0.0,0.33,0.33,0.7003,0.309,0.0,4,2,7,2,-3.2504,-3.2504,-5.1792,0.0
REGN,Dunumab,2021-06-06,2021,BLA,0.8,0.5,0.8,0.695,0.0,0.33,0.33,0.4767,0.181,0.0,6,2,19,2,0.0,1.3321,2.6719,1.0
REGN,Tekvir,2018-10-28,2018,ANDA,0.3,0.0,0.748,0.2846,0.0,0.33,0.33,0.4767,0.193,0.0,6,2,2,4,0.0,0.9102,5.5774,1.0
BMY,Circiclib,2022-06-17,2022,BLA,0.8,1.0,0.7,0.85,0.0,0.33,0.33,0.7003,0.309,0.0,4,2,14,2,3.66,3.66,7.0354,1.0
ABBV,Mavzumab,2019-07-30,2019,ANDA,0.3,0.0,0.85,0.305,0.0,0.33,0.33,0.4767,0.193,0.0,1,3,4,3,-0.8336,-2.724,-3.5874,0.0
GILD,Dunumab,2023-07-14,2023,ANDA,0.3,0.0,0.7,0.275,0.0,0.33,0.33,0.4767,0.193,0.0,4,2,22,3,0.3757,0.3757,4.4695,1.0
ABBV,Mavzumab,2021-10-22,2021,NDA,1.0,0.5,0.77,0.779,0.0,0.33,0.33,0.4767,0.193,0.0,4,3,17,4,-0.5864,-0.5864,5.0669,1.0
